,link
0,https://www.otodom.pl/pl/oferta/sloneczne-m-najwyzsze-pietro-wielki-balkon-ID4kUP2
1,https://www.otodom.pl/pl/oferta/funkcjonalne-mieszkanie-z-duzym-balkonem-ID4kUOZ
2,https://www.otodom.pl/pl/oferta/dwustronne-dwa-balkony-wysokie-gotowe-juz-latem-ID4kUP0
3,https://www.otodom.pl/pl/oferta/idealna-opcja-dla-rodziny-ogrodek-kwiecien-2024-ID4kUOV
4,https://www.otodom.pl/pl/oferta/duzy-taras-mieszkanie-w-miejskiej-willi-gotowe-ID4kUOU
5,https://www.otodom.pl/pl/oferta/3-pok-mieszkanie-idealne-dla-rodziny-i-kuzniki-ID4k0eR
6,https://www.otodom.pl/pl/oferta/mieszkanie-47-m-wroclaw-ID4jJda
7,https://www.otodom.pl/pl/oferta/duze-3-pok-mieszkanie-z-miejscem-postojowym-gratis-ID4kUOr
8,https://www.otodom.pl/pl/oferta/mieszkanie-41-m-wroclaw-ID4kE6u
9,https://www.otodom.pl/pl/oferta/4-pokoje-taras-23m2-2-miejsca-parkingowe-ID4jJ3M
10,https://www.otodom.pl/pl/oferta/3-pokoje-61-25m2-z-tarasem-jagodno-ID4kRMu
11,https://www.otodom.pl/pl/oferta/78-64m-4-pokoje-kuchnia-duze-mieszkanie-piwnica-ID4h0Lc
12,https://www.otodom.pl/pl/oferta/4-pokojowe-mieszkanie-69m2-ogrodek-ID4hgRa
13,https://www.otodom.pl/pl/oferta/okolice-gubinskiej-piwnica-ID4kUNJ
14,https://www.otodom.pl/pl/oferta/3-pokojowe-mieszkanie-58m2-ogrodek-bez-prowizji-ID4hiEC
15,https://www.otodom.pl/pl/oferta/2-pokojowe-mieszkanie-35m2-taras-bez-prowizji-ID4hiDR
16,https://www.otodom.pl/pl/oferta/5-pok-na-wroclawskim-rynku-idealne-pod-inwestycj-ID4jPuV
17,https://www.otodom.pl/pl/oferta/rodzinne-3-pokoje-na-stablowicach-ID4jQp2
18,https://www.otodom.pl/pl/oferta/klimat-kamienica-po-remoncie-kepa-mieszczanska-ID4jTPt
19,https://www.otodom.pl/pl/oferta/centrum-59-44-m2-tramwaj-2-pokoje-ID4jM2O
20,https://www.otodom.pl/pl/oferta/maslice-rozkladowe-3pokoje-antresola-51-9m2-490t-ID4jMxD
21,https://www.otodom.pl/pl/oferta/kawalerka-przy-plycie-rynku-idealne-pod-inwestycje-ID4jMPl
22,https://www.otodom.pl/pl/oferta/2-pokoje-osobna-kuchnia-niskie-oplaty-krzywoustego-ID4jNvH
23,https://www.otodom.pl/pl/oferta/wykonczone-mieszkanie-blisko-zieleni-ID4jPjR
24,https://www.otodom.pl/pl/oferta/5-pokojowe-mieszkanie-103m2-2-tarasy-ID4i3j7
25,https://www.otodom.pl/pl/oferta/mieszkanie-72-m2-horbaczewskiego-ID4kKMp
26,https://www.otodom.pl/pl/oferta/4-pokojowe-mieszkanie-77m2-balkon-bezposrednio-ID4cT20
27,https://www.otodom.pl/pl/oferta/4-pokojowe-mieszkanie-105m2-ogrodek-bez-prowizji-ID4jMhv
28,https://www.otodom.pl/pl/oferta/1-pokojowe-mieszkanie-25m2-bez-prowizji-ID4hgQW
29,https://www.otodom.pl/pl/oferta/3-pokojowe-mieszkanie-62m2-2-balkony-ID4cT1Z
30,https://www.otodom.pl/pl/oferta/lokum-di-trevi-tarnogaj-taras-komorka-lok-garaz-ID4keqw
31,https://www.otodom.pl/pl/oferta/3-pokojowe-mieszkanie-83m2-ogrodek-ID4jMhA
32,https://www.otodom.pl/pl/oferta/2-pokojowe-mieszkanie-46m2-balkon-bezposrednio-ID4gDq5
33,https://www.otodom.pl/pl/oferta/3-pokojowy-apartament-inwestycyjny-64m2-ID4iNtV
34,https://www.otodom.pl/pl/oferta/2-pokojowe-mieszkanie-49m2-balkon-ID4jMh8
35,https://www.otodom.pl/pl/oferta/1-pokojowe-mieszkanie-38m2-balkon-bez-prowizji-ID4cT19
